userid,password
userid1,password1
userid2,password2
userid3,password3
userid4,password4
userid5,password5
userid6,password6
userid7,password7
userid8,password8
userid9,password9
userid10,password10
userid11,password11
userid12,password12
userid13,password13
userid14,password14
userid15,password15
userid16,password16
userid17,password17
userid18,password18
userid19,password19
userid20,password20
userid21,password21
userid22,password22
userid23,password23
userid24,password24
userid25,password25
userid26,password26
userid27,password27
userid28,password28
userid29,password29
userid30,password30
userid31,password31
userid32,password32
userid33,password33
userid34,password34
userid35,password35
userid36,password36
userid37,password37
userid38,password38
userid39,password39
userid40,password40
userid41,password41
userid42,password42
userid43,password43
userid44,password44
userid45,password45
userid46,password46
userid47,password47
userid48,password48
userid49,password49
userid50,password50
userid51,password51
userid52,password52
userid53,password53
userid54,password54
userid55,password55
userid56,password56
userid57,password57
userid58,password58
userid59,password59
userid60,password60
userid61,password61
userid62,password62
userid63,password63
userid64,password64
userid65,password65
userid66,password66
userid67,password67
userid68,password68
userid69,password69
userid70,password70
userid71,password71
userid72,password72
userid73,password73
userid74,password74
userid75,password75
userid76,password76
userid77,password77
userid78,password78
userid79,password79
userid80,password80
userid81,password81
userid82,password82
userid83,password83
userid84,password84
userid85,password85
userid86,password86
userid87,password87
userid88,password88
userid89,password89
userid90,password90
userid91,password91
userid92,password92
userid93,password93
userid94,password94
userid95,password95
userid96,password96
userid97,password97
userid98,password98
userid99,password99
userid100,password100
