username,userid,password,phone,address,account_password,disabled
user1,userid1,password1,010-0001-0001,Seoul,account_password1,false
user2,userid2,password2,010-0002-0002,Busan,account_password2,false
user3,userid3,password3,010-0003-0003,Incheon,account_password3,false
user4,userid4,password4,010-0004-0004,Daegu,account_password4,false
user5,userid5,password5,010-0005-0005,Daejeon,account_password5,false
user6,userid6,password6,010-0006-0006,Gwangju,account_password6,false
user7,userid7,password7,010-0007-0007,Ulsan,account_password7,false
user8,userid8,password8,010-0008-0008,Gyeongju,account_password8,false
user9,userid9,password9,010-0009-0009,Gyeongsan,account_password9,false
user10,userid10,password10,010-0010-0010,Jeju,account_password10,false
user11,userid11,password11,010-0011-0011,Seoul,account_password11,false
user12,userid12,password12,010-0012-0012,Busan,account_password12,false
user13,userid13,password13,010-0013-0013,Incheon,account_password13,false
user14,userid14,password14,010-0014-0014,Daegu,account_password14,false
user15,userid15,password15,010-0015-0015,Daejeon,account_password15,false
user16,userid16,password16,010-0016-0016,Gwangju,account_password16,false
user17,userid17,password17,010-0017-0017,Ulsan,account_password17,false
user18,userid18,password18,010-0018-0018,Gyeongju,account_password18,false
user19,userid19,password19,010-0019-0019,Gyeongsan,account_password19,false
user20,userid20,password20,010-0020-0020,Jeju,account_password20,false
user21,userid21,password21,010-0021-0021,Seoul,account_password21,false
user22,userid22,password22,010-0022-0022,Busan,account_password22,false
user23,userid23,password23,010-0023-0023,Incheon,account_password23,false
user24,userid24,password24,010-0024-0024,Daegu,account_password24,false
user25,userid25,password25,010-0025-0025,Daejeon,account_password25,false
user26,userid26,password26,010-0026-0026,Gwangju,account_password26,false
user27,userid27,password27,010-0027-0027,Ulsan,account_password27,false
user28,userid28,password28,010-0028-0028,Gyeongju,account_password28,false
user29,userid29,password29,010-0029-0029,Gyeongsan,account_password29,false
user30,userid30,password30,010-0030-0030,Jeju,account_password30,false
user31,userid31,password31,010-0031-0031,Seoul,account_password31,false
user32,userid32,password32,010-0032-0032,Busan,account_password32,false
user33,userid33,password33,010-0033-0033,Incheon,account_password33,false
user34,userid34,password34,010-0034-0034,Daegu,account_password34,false
user35,userid35,password35,010-0035-0035,Daejeon,account_password35,false
user36,userid36,password36,010-0036-0036,Gwangju,account_password36,false
user37,userid37,password37,010-0037-0037,Ulsan,account_password37,false
user38,userid38,password38,010-0038-0038,Gyeongju,account_password38,false
user39,userid39,password39,010-0039-0039,Gyeongsan,account_password39,false
user40,userid40,password40,010-0040-0040,Jeju,account_password40,false
user41,userid41,password41,010-0041-0041,Seoul,account_password41,false
user42,userid42,password42,010-0042-0042,Busan,account_password42,false
user43,userid43,password43,010-0043-0043,Incheon,account_password43,false
user44,userid44,password44,010-0044-0044,Daegu,account_password44,false
user45,userid45,password45,010-0045-0045,Daejeon,account_password45,false
user46,userid46,password46,010-0046-0046,Gwangju,account_password46,false
user47,userid47,password47,010-0047-0047,Ulsan,account_password47,false
user48,userid48,password48,010-0048-0048,Gyeongju,account_password48,false
user49,userid49,password49,010-0049-0049,Gyeongsan,account_password49,false
user50,userid50,password50,010-0050-0050,Jeju,account_password50,false
user51,userid51,password51,010-0051-0051,Seoul,account_password51,false
user52,userid52,password52,010-0052-0052,Busan,account_password52,false
user53,userid53,password53,010-0053-0053,Incheon,account_password53,false
user54,userid54,password54,010-0054-0054,Daegu,account_password54,false
user55,userid55,password55,010-0055-0055,Daejeon,account_password55,false
user56,userid56,password56,010-0056-0056,Gwangju,account_password56,false
user57,userid57,password57,010-0057-0057,Ulsan,account_password57,false
user58,userid58,password58,010-0058-0058,Gyeongju,account_password58,false
user59,userid59,password59,010-0059-0059,Gyeongsan,account_password59,false
user60,userid60,password60,010-0060-0060,Jeju,account_password60,false
user61,userid61,password61,010-0061-0061,Seoul,account_password61,false
user62,userid62,password62,010-0062-0062,Busan,account_password62,false
user63,userid63,password63,010-0063-0063,Incheon,account_password63,false
user64,userid64,password64,010-0064-0064,Daegu,account_password64,false
user65,userid65,password65,010-0065-0065,Daejeon,account_password65,false
user66,userid66,password66,010-0066-0066,Gwangju,account_password66,false
user67,userid67,password67,010-0067-0067,Ulsan,account_password67,false
user68,userid68,password68,010-0068-0068,Gyeongju,account_password68,false
user69,userid69,password69,010-0069-0069,Gyeongsan,account_password69,false
user70,userid70,password70,010-0070-0070,Jeju,account_password70,false
user71,userid71,password71,010-0071-0071,Seoul,account_password71,false
user72,userid72,password72,010-0072-0072,Busan,account_password72,false
user73,userid73,password73,010-0073-0073,Incheon,account_password73,false
user74,userid74,password74,010-0074-0074,Daegu,account_password74,false
user75,userid75,password75,010-0075-0075,Daejeon,account_password75,false
user76,userid76,password76,010-0076-0076,Gwangju,account_password76,false
user77,userid77,password77,010-0077-0077,Ulsan,account_password77,false
user78,userid78,password78,010-0078-0078,Gyeongju,account_password78,false
user79,userid79,password79,010-0079-0079,Gyeongsan,account_password79,false
user80,userid80,password80,010-0080-0080,Jeju,account_password80,false
user81,userid81,password81,010-0081-0081,Seoul,account_password81,false
user82,userid82,password82,010-0082-0082,Busan,account_password82,false
user83,userid83,password83,010-0083-0083,Incheon,account_password83,false
user84,userid84,password84,010-0084-0084,Daegu,account_password84,false
user85,userid85,password85,010-0085-0085,Daejeon,account_password85,false
user86,userid86,password86,010-0086-0086,Gwangju,account_password86,false
user87,userid87,password87,010-0087-0087,Ulsan,account_password87,false
user88,userid88,password88,010-0088-0088,Gyeongju,account_password88,false
user89,userid89,password89,010-0089-0089,Gyeongsan,account_password89,false
user90,userid90,password90,010-0090-0090,Jeju,account_password90,false
user91,userid91,password91,010-0091-0091,Seoul,account_password91,false
user92,userid92,password92,010-0092-0092,Busan,account_password92,false
user93,userid93,password93,010-0093-0093,Incheon,account_password93,false
user94,userid94,password94,010-0094-0094,Daegu,account_password94,false
user95,userid95,password95,010-0095-0095,Daejeon,account_password95,false
user96,userid96,password96,010-0096-0096,Gwangju,account_password96,false
user97,userid97,password97,010-0097-0097,Ulsan,account_password97,false
user98,userid98,password98,010-0098-0098,Gyeongju,account_password98,false
user99,userid99,password99,010-0099-0099,Gyeongsan,account_password99,false
user100,userid100,password100,010-0100-0100,Jeju,account_password100,false